--
-- PostgreSQL database dump
--

-- Dumped from database version 10.13
-- Dumped by pg_dump version 10.13

SET statement_timeout = 0;
SET lock_timeout = 0;
SET idle_in_transaction_session_timeout = 0;
SET client_encoding = 'UTF8';
SET standard_conforming_strings = on;
SELECT pg_catalog.set_config('search_path', '', false);
SET check_function_bodies = false;
SET xmloption = content;
SET client_min_messages = warning;
SET row_security = off;

--
-- Name: plpgsql; Type: EXTENSION; Schema: -; Owner: 
--

CREATE EXTENSION IF NOT EXISTS plpgsql WITH SCHEMA pg_catalog;


--
-- Name: EXTENSION plpgsql; Type: COMMENT; Schema: -; Owner: 
--

COMMENT ON EXTENSION plpgsql IS 'PL/pgSQL procedural language';


SET default_tablespace = '';

SET default_with_oids = false;

--
-- Name: auth_group; Type: TABLE; Schema: public; Owner: postgres
--

CREATE TABLE public.auth_group (
    id integer NOT NULL,
    name character varying(150) NOT NULL
);


ALTER TABLE public.auth_group OWNER TO postgres;

--
-- Name: auth_group_id_seq; Type: SEQUENCE; Schema: public; Owner: postgres
--

CREATE SEQUENCE public.auth_group_id_seq
    AS integer
    START WITH 1
    INCREMENT BY 1
    NO MINVALUE
    NO MAXVALUE
    CACHE 1;


ALTER TABLE public.auth_group_id_seq OWNER TO postgres;

--
-- Name: auth_group_id_seq; Type: SEQUENCE OWNED BY; Schema: public; Owner: postgres
--

ALTER SEQUENCE public.auth_group_id_seq OWNED BY public.auth_group.id;


--
-- Name: auth_group_permissions; Type: TABLE; Schema: public; Owner: postgres
--

CREATE TABLE public.auth_group_permissions (
    id integer NOT NULL,
    group_id integer NOT NULL,
    permission_id integer NOT NULL
);


ALTER TABLE public.auth_group_permissions OWNER TO postgres;

--
-- Name: auth_group_permissions_id_seq; Type: SEQUENCE; Schema: public; Owner: postgres
--

CREATE SEQUENCE public.auth_group_permissions_id_seq
    AS integer
    START WITH 1
    INCREMENT BY 1
    NO MINVALUE
    NO MAXVALUE
    CACHE 1;


ALTER TABLE public.auth_group_permissions_id_seq OWNER TO postgres;

--
-- Name: auth_group_permissions_id_seq; Type: SEQUENCE OWNED BY; Schema: public; Owner: postgres
--

ALTER SEQUENCE public.auth_group_permissions_id_seq OWNED BY public.auth_group_permissions.id;


--
-- Name: auth_permission; Type: TABLE; Schema: public; Owner: postgres
--

CREATE TABLE public.auth_permission (
    id integer NOT NULL,
    name character varying(255) NOT NULL,
    content_type_id integer NOT NULL,
    codename character varying(100) NOT NULL
);


ALTER TABLE public.auth_permission OWNER TO postgres;

--
-- Name: auth_permission_id_seq; Type: SEQUENCE; Schema: public; Owner: postgres
--

CREATE SEQUENCE public.auth_permission_id_seq
    AS integer
    START WITH 1
    INCREMENT BY 1
    NO MINVALUE
    NO MAXVALUE
    CACHE 1;


ALTER TABLE public.auth_permission_id_seq OWNER TO postgres;

--
-- Name: auth_permission_id_seq; Type: SEQUENCE OWNED BY; Schema: public; Owner: postgres
--

ALTER SEQUENCE public.auth_permission_id_seq OWNED BY public.auth_permission.id;


--
-- Name: auth_user; Type: TABLE; Schema: public; Owner: postgres
--

CREATE TABLE public.auth_user (
    id integer NOT NULL,
    password character varying(128) NOT NULL,
    last_login timestamp with time zone,
    is_superuser boolean NOT NULL,
    username character varying(150) NOT NULL,
    first_name character varying(30) NOT NULL,
    last_name character varying(150) NOT NULL,
    email character varying(254) NOT NULL,
    is_staff boolean NOT NULL,
    is_active boolean NOT NULL,
    date_joined timestamp with time zone NOT NULL
);


ALTER TABLE public.auth_user OWNER TO postgres;

--
-- Name: auth_user_groups; Type: TABLE; Schema: public; Owner: postgres
--

CREATE TABLE public.auth_user_groups (
    id integer NOT NULL,
    user_id integer NOT NULL,
    group_id integer NOT NULL
);


ALTER TABLE public.auth_user_groups OWNER TO postgres;

--
-- Name: auth_user_groups_id_seq; Type: SEQUENCE; Schema: public; Owner: postgres
--

CREATE SEQUENCE public.auth_user_groups_id_seq
    AS integer
    START WITH 1
    INCREMENT BY 1
    NO MINVALUE
    NO MAXVALUE
    CACHE 1;


ALTER TABLE public.auth_user_groups_id_seq OWNER TO postgres;

--
-- Name: auth_user_groups_id_seq; Type: SEQUENCE OWNED BY; Schema: public; Owner: postgres
--

ALTER SEQUENCE public.auth_user_groups_id_seq OWNED BY public.auth_user_groups.id;


--
-- Name: auth_user_id_seq; Type: SEQUENCE; Schema: public; Owner: postgres
--

CREATE SEQUENCE public.auth_user_id_seq
    AS integer
    START WITH 1
    INCREMENT BY 1
    NO MINVALUE
    NO MAXVALUE
    CACHE 1;


ALTER TABLE public.auth_user_id_seq OWNER TO postgres;

--
-- Name: auth_user_id_seq; Type: SEQUENCE OWNED BY; Schema: public; Owner: postgres
--

ALTER SEQUENCE public.auth_user_id_seq OWNED BY public.auth_user.id;


--
-- Name: auth_user_user_permissions; Type: TABLE; Schema: public; Owner: postgres
--

CREATE TABLE public.auth_user_user_permissions (
    id integer NOT NULL,
    user_id integer NOT NULL,
    permission_id integer NOT NULL
);


ALTER TABLE public.auth_user_user_permissions OWNER TO postgres;

--
-- Name: auth_user_user_permissions_id_seq; Type: SEQUENCE; Schema: public; Owner: postgres
--

CREATE SEQUENCE public.auth_user_user_permissions_id_seq
    AS integer
    START WITH 1
    INCREMENT BY 1
    NO MINVALUE
    NO MAXVALUE
    CACHE 1;


ALTER TABLE public.auth_user_user_permissions_id_seq OWNER TO postgres;

--
-- Name: auth_user_user_permissions_id_seq; Type: SEQUENCE OWNED BY; Schema: public; Owner: postgres
--

ALTER SEQUENCE public.auth_user_user_permissions_id_seq OWNED BY public.auth_user_user_permissions.id;


--
-- Name: core_cliente; Type: TABLE; Schema: public; Owner: postgres
--

CREATE TABLE public.core_cliente (
    id integer NOT NULL
);


ALTER TABLE public.core_cliente OWNER TO postgres;

--
-- Name: core_cliente_id_seq; Type: SEQUENCE; Schema: public; Owner: postgres
--

CREATE SEQUENCE public.core_cliente_id_seq
    AS integer
    START WITH 1
    INCREMENT BY 1
    NO MINVALUE
    NO MAXVALUE
    CACHE 1;


ALTER TABLE public.core_cliente_id_seq OWNER TO postgres;

--
-- Name: core_cliente_id_seq; Type: SEQUENCE OWNED BY; Schema: public; Owner: postgres
--

ALTER SEQUENCE public.core_cliente_id_seq OWNED BY public.core_cliente.id;


--
-- Name: core_clienteemail; Type: TABLE; Schema: public; Owner: postgres
--

CREATE TABLE public.core_clienteemail (
    id integer NOT NULL
);


ALTER TABLE public.core_clienteemail OWNER TO postgres;

--
-- Name: core_clienteemail_id_seq; Type: SEQUENCE; Schema: public; Owner: postgres
--

CREATE SEQUENCE public.core_clienteemail_id_seq
    AS integer
    START WITH 1
    INCREMENT BY 1
    NO MINVALUE
    NO MAXVALUE
    CACHE 1;


ALTER TABLE public.core_clienteemail_id_seq OWNER TO postgres;

--
-- Name: core_clienteemail_id_seq; Type: SEQUENCE OWNED BY; Schema: public; Owner: postgres
--

ALTER SEQUENCE public.core_clienteemail_id_seq OWNED BY public.core_clienteemail.id;


--
-- Name: core_clientetelefone; Type: TABLE; Schema: public; Owner: postgres
--

CREATE TABLE public.core_clientetelefone (
    id integer NOT NULL
);


ALTER TABLE public.core_clientetelefone OWNER TO postgres;

--
-- Name: core_clientetelefone_id_seq; Type: SEQUENCE; Schema: public; Owner: postgres
--

CREATE SEQUENCE public.core_clientetelefone_id_seq
    AS integer
    START WITH 1
    INCREMENT BY 1
    NO MINVALUE
    NO MAXVALUE
    CACHE 1;


ALTER TABLE public.core_clientetelefone_id_seq OWNER TO postgres;

--
-- Name: core_clientetelefone_id_seq; Type: SEQUENCE OWNED BY; Schema: public; Owner: postgres
--

ALTER SEQUENCE public.core_clientetelefone_id_seq OWNED BY public.core_clientetelefone.id;


--
-- Name: core_fornecedor; Type: TABLE; Schema: public; Owner: postgres
--

CREATE TABLE public.core_fornecedor (
    id integer NOT NULL
);


ALTER TABLE public.core_fornecedor OWNER TO postgres;

--
-- Name: core_fornecedor_id_seq; Type: SEQUENCE; Schema: public; Owner: postgres
--

CREATE SEQUENCE public.core_fornecedor_id_seq
    AS integer
    START WITH 1
    INCREMENT BY 1
    NO MINVALUE
    NO MAXVALUE
    CACHE 1;


ALTER TABLE public.core_fornecedor_id_seq OWNER TO postgres;

--
-- Name: core_fornecedor_id_seq; Type: SEQUENCE OWNED BY; Schema: public; Owner: postgres
--

ALTER SEQUENCE public.core_fornecedor_id_seq OWNED BY public.core_fornecedor.id;


--
-- Name: core_fornecedoremail; Type: TABLE; Schema: public; Owner: postgres
--

CREATE TABLE public.core_fornecedoremail (
    id integer NOT NULL
);


ALTER TABLE public.core_fornecedoremail OWNER TO postgres;

--
-- Name: core_fornecedoremail_id_seq; Type: SEQUENCE; Schema: public; Owner: postgres
--

CREATE SEQUENCE public.core_fornecedoremail_id_seq
    AS integer
    START WITH 1
    INCREMENT BY 1
    NO MINVALUE
    NO MAXVALUE
    CACHE 1;


ALTER TABLE public.core_fornecedoremail_id_seq OWNER TO postgres;

--
-- Name: core_fornecedoremail_id_seq; Type: SEQUENCE OWNED BY; Schema: public; Owner: postgres
--

ALTER SEQUENCE public.core_fornecedoremail_id_seq OWNED BY public.core_fornecedoremail.id;


--
-- Name: core_fornecedortelefone; Type: TABLE; Schema: public; Owner: postgres
--

CREATE TABLE public.core_fornecedortelefone (
    id integer NOT NULL
);


ALTER TABLE public.core_fornecedortelefone OWNER TO postgres;

--
-- Name: core_fornecedortelefone_id_seq; Type: SEQUENCE; Schema: public; Owner: postgres
--

CREATE SEQUENCE public.core_fornecedortelefone_id_seq
    AS integer
    START WITH 1
    INCREMENT BY 1
    NO MINVALUE
    NO MAXVALUE
    CACHE 1;


ALTER TABLE public.core_fornecedortelefone_id_seq OWNER TO postgres;

--
-- Name: core_fornecedortelefone_id_seq; Type: SEQUENCE OWNED BY; Schema: public; Owner: postgres
--

ALTER SEQUENCE public.core_fornecedortelefone_id_seq OWNED BY public.core_fornecedortelefone.id;


--
-- Name: core_funcao; Type: TABLE; Schema: public; Owner: postgres
--

CREATE TABLE public.core_funcao (
    id integer NOT NULL
);


ALTER TABLE public.core_funcao OWNER TO postgres;

--
-- Name: core_funcao_id_seq; Type: SEQUENCE; Schema: public; Owner: postgres
--

CREATE SEQUENCE public.core_funcao_id_seq
    AS integer
    START WITH 1
    INCREMENT BY 1
    NO MINVALUE
    NO MAXVALUE
    CACHE 1;


ALTER TABLE public.core_funcao_id_seq OWNER TO postgres;

--
-- Name: core_funcao_id_seq; Type: SEQUENCE OWNED BY; Schema: public; Owner: postgres
--

ALTER SEQUENCE public.core_funcao_id_seq OWNED BY public.core_funcao.id;


--
-- Name: core_obra; Type: TABLE; Schema: public; Owner: postgres
--

CREATE TABLE public.core_obra (
    id integer NOT NULL
);


ALTER TABLE public.core_obra OWNER TO postgres;

--
-- Name: core_obra_id_seq; Type: SEQUENCE; Schema: public; Owner: postgres
--

CREATE SEQUENCE public.core_obra_id_seq
    AS integer
    START WITH 1
    INCREMENT BY 1
    NO MINVALUE
    NO MAXVALUE
    CACHE 1;


ALTER TABLE public.core_obra_id_seq OWNER TO postgres;

--
-- Name: core_obra_id_seq; Type: SEQUENCE OWNED BY; Schema: public; Owner: postgres
--

ALTER SEQUENCE public.core_obra_id_seq OWNED BY public.core_obra.id;


--
-- Name: core_obrafornecedor; Type: TABLE; Schema: public; Owner: postgres
--

CREATE TABLE public.core_obrafornecedor (
    id integer NOT NULL
);


ALTER TABLE public.core_obrafornecedor OWNER TO postgres;

--
-- Name: core_obrafornecedor_id_seq; Type: SEQUENCE; Schema: public; Owner: postgres
--

CREATE SEQUENCE public.core_obrafornecedor_id_seq
    AS integer
    START WITH 1
    INCREMENT BY 1
    NO MINVALUE
    NO MAXVALUE
    CACHE 1;


ALTER TABLE public.core_obrafornecedor_id_seq OWNER TO postgres;

--
-- Name: core_obrafornecedor_id_seq; Type: SEQUENCE OWNED BY; Schema: public; Owner: postgres
--

ALTER SEQUENCE public.core_obrafornecedor_id_seq OWNED BY public.core_obrafornecedor.id;


--
-- Name: core_obramensagem; Type: TABLE; Schema: public; Owner: postgres
--

CREATE TABLE public.core_obramensagem (
    id integer NOT NULL
);


ALTER TABLE public.core_obramensagem OWNER TO postgres;

--
-- Name: core_obramensagem_id_seq; Type: SEQUENCE; Schema: public; Owner: postgres
--

CREATE SEQUENCE public.core_obramensagem_id_seq
    AS integer
    START WITH 1
    INCREMENT BY 1
    NO MINVALUE
    NO MAXVALUE
    CACHE 1;


ALTER TABLE public.core_obramensagem_id_seq OWNER TO postgres;

--
-- Name: core_obramensagem_id_seq; Type: SEQUENCE OWNED BY; Schema: public; Owner: postgres
--

ALTER SEQUENCE public.core_obramensagem_id_seq OWNED BY public.core_obramensagem.id;


--
-- Name: core_obratarefa; Type: TABLE; Schema: public; Owner: postgres
--

CREATE TABLE public.core_obratarefa (
    id integer NOT NULL
);


ALTER TABLE public.core_obratarefa OWNER TO postgres;

--
-- Name: core_obratarefa_id_seq; Type: SEQUENCE; Schema: public; Owner: postgres
--

CREATE SEQUENCE public.core_obratarefa_id_seq
    AS integer
    START WITH 1
    INCREMENT BY 1
    NO MINVALUE
    NO MAXVALUE
    CACHE 1;


ALTER TABLE public.core_obratarefa_id_seq OWNER TO postgres;

--
-- Name: core_obratarefa_id_seq; Type: SEQUENCE OWNED BY; Schema: public; Owner: postgres
--

ALTER SEQUENCE public.core_obratarefa_id_seq OWNED BY public.core_obratarefa.id;


--
-- Name: core_perfil; Type: TABLE; Schema: public; Owner: postgres
--

CREATE TABLE public.core_perfil (
    id integer NOT NULL
);


ALTER TABLE public.core_perfil OWNER TO postgres;

--
-- Name: core_perfil_id_seq; Type: SEQUENCE; Schema: public; Owner: postgres
--

CREATE SEQUENCE public.core_perfil_id_seq
    AS integer
    START WITH 1
    INCREMENT BY 1
    NO MINVALUE
    NO MAXVALUE
    CACHE 1;


ALTER TABLE public.core_perfil_id_seq OWNER TO postgres;

--
-- Name: core_perfil_id_seq; Type: SEQUENCE OWNED BY; Schema: public; Owner: postgres
--

ALTER SEQUENCE public.core_perfil_id_seq OWNED BY public.core_perfil.id;


--
-- Name: core_ramo; Type: TABLE; Schema: public; Owner: postgres
--

CREATE TABLE public.core_ramo (
    id integer NOT NULL
);


ALTER TABLE public.core_ramo OWNER TO postgres;

--
-- Name: core_ramo_id_seq; Type: SEQUENCE; Schema: public; Owner: postgres
--

CREATE SEQUENCE public.core_ramo_id_seq
    AS integer
    START WITH 1
    INCREMENT BY 1
    NO MINVALUE
    NO MAXVALUE
    CACHE 1;


ALTER TABLE public.core_ramo_id_seq OWNER TO postgres;

--
-- Name: core_ramo_id_seq; Type: SEQUENCE OWNED BY; Schema: public; Owner: postgres
--

ALTER SEQUENCE public.core_ramo_id_seq OWNED BY public.core_ramo.id;


--
-- Name: core_usuario; Type: TABLE; Schema: public; Owner: postgres
--

CREATE TABLE public.core_usuario (
    id integer NOT NULL,
    nome character varying(100) NOT NULL,
    email character varying(100) NOT NULL,
    cpf character varying(11) NOT NULL,
    cnpj character varying(14) NOT NULL,
    telefone character varying(10) NOT NULL,
    cep character varying(8) NOT NULL,
    cidade character varying(20) NOT NULL,
    logradouro_completo character varying(100) NOT NULL
);


ALTER TABLE public.core_usuario OWNER TO postgres;

--
-- Name: core_usuario_id_seq; Type: SEQUENCE; Schema: public; Owner: postgres
--

CREATE SEQUENCE public.core_usuario_id_seq
    AS integer
    START WITH 1
    INCREMENT BY 1
    NO MINVALUE
    NO MAXVALUE
    CACHE 1;


ALTER TABLE public.core_usuario_id_seq OWNER TO postgres;

--
-- Name: core_usuario_id_seq; Type: SEQUENCE OWNED BY; Schema: public; Owner: postgres
--

ALTER SEQUENCE public.core_usuario_id_seq OWNED BY public.core_usuario.id;


--
-- Name: django_admin_log; Type: TABLE; Schema: public; Owner: postgres
--

CREATE TABLE public.django_admin_log (
    id integer NOT NULL,
    action_time timestamp with time zone NOT NULL,
    object_id text,
    object_repr character varying(200) NOT NULL,
    action_flag smallint NOT NULL,
    change_message text NOT NULL,
    content_type_id integer,
    user_id integer NOT NULL,
    CONSTRAINT django_admin_log_action_flag_check CHECK ((action_flag >= 0))
);


ALTER TABLE public.django_admin_log OWNER TO postgres;

--
-- Name: django_admin_log_id_seq; Type: SEQUENCE; Schema: public; Owner: postgres
--

CREATE SEQUENCE public.django_admin_log_id_seq
    AS integer
    START WITH 1
    INCREMENT BY 1
    NO MINVALUE
    NO MAXVALUE
    CACHE 1;


ALTER TABLE public.django_admin_log_id_seq OWNER TO postgres;

--
-- Name: django_admin_log_id_seq; Type: SEQUENCE OWNED BY; Schema: public; Owner: postgres
--

ALTER SEQUENCE public.django_admin_log_id_seq OWNED BY public.django_admin_log.id;


--
-- Name: django_content_type; Type: TABLE; Schema: public; Owner: postgres
--

CREATE TABLE public.django_content_type (
    id integer NOT NULL,
    app_label character varying(100) NOT NULL,
    model character varying(100) NOT NULL
);


ALTER TABLE public.django_content_type OWNER TO postgres;

--
-- Name: django_content_type_id_seq; Type: SEQUENCE; Schema: public; Owner: postgres
--

CREATE SEQUENCE public.django_content_type_id_seq
    AS integer
    START WITH 1
    INCREMENT BY 1
    NO MINVALUE
    NO MAXVALUE
    CACHE 1;


ALTER TABLE public.django_content_type_id_seq OWNER TO postgres;

--
-- Name: django_content_type_id_seq; Type: SEQUENCE OWNED BY; Schema: public; Owner: postgres
--

ALTER SEQUENCE public.django_content_type_id_seq OWNED BY public.django_content_type.id;


--
-- Name: django_migrations; Type: TABLE; Schema: public; Owner: postgres
--

CREATE TABLE public.django_migrations (
    id integer NOT NULL,
    app character varying(255) NOT NULL,
    name character varying(255) NOT NULL,
    applied timestamp with time zone NOT NULL
);


ALTER TABLE public.django_migrations OWNER TO postgres;

--
-- Name: django_migrations_id_seq; Type: SEQUENCE; Schema: public; Owner: postgres
--

CREATE SEQUENCE public.django_migrations_id_seq
    AS integer
    START WITH 1
    INCREMENT BY 1
    NO MINVALUE
    NO MAXVALUE
    CACHE 1;


ALTER TABLE public.django_migrations_id_seq OWNER TO postgres;

--
-- Name: django_migrations_id_seq; Type: SEQUENCE OWNED BY; Schema: public; Owner: postgres
--

ALTER SEQUENCE public.django_migrations_id_seq OWNED BY public.django_migrations.id;


--
-- Name: django_session; Type: TABLE; Schema: public; Owner: postgres
--

CREATE TABLE public.django_session (
    session_key character varying(40) NOT NULL,
    session_data text NOT NULL,
    expire_date timestamp with time zone NOT NULL
);


ALTER TABLE public.django_session OWNER TO postgres;

--
-- Name: auth_group id; Type: DEFAULT; Schema: public; Owner: postgres
--

ALTER TABLE ONLY public.auth_group ALTER COLUMN id SET DEFAULT nextval('public.auth_group_id_seq'::regclass);


--
-- Name: auth_group_permissions id; Type: DEFAULT; Schema: public; Owner: postgres
--

ALTER TABLE ONLY public.auth_group_permissions ALTER COLUMN id SET DEFAULT nextval('public.auth_group_permissions_id_seq'::regclass);


--
-- Name: auth_permission id; Type: DEFAULT; Schema: public; Owner: postgres
--

ALTER TABLE ONLY public.auth_permission ALTER COLUMN id SET DEFAULT nextval('public.auth_permission_id_seq'::regclass);


--
-- Name: auth_user id; Type: DEFAULT; Schema: public; Owner: postgres
--

ALTER TABLE ONLY public.auth_user ALTER COLUMN id SET DEFAULT nextval('public.auth_user_id_seq'::regclass);


--
-- Name: auth_user_groups id; Type: DEFAULT; Schema: public; Owner: postgres
--

ALTER TABLE ONLY public.auth_user_groups ALTER COLUMN id SET DEFAULT nextval('public.auth_user_groups_id_seq'::regclass);


--
-- Name: auth_user_user_permissions id; Type: DEFAULT; Schema: public; Owner: postgres
--

ALTER TABLE ONLY public.auth_user_user_permissions ALTER COLUMN id SET DEFAULT nextval('public.auth_user_user_permissions_id_seq'::regclass);


--
-- Name: core_cliente id; Type: DEFAULT; Schema: public; Owner: postgres
--

ALTER TABLE ONLY public.core_cliente ALTER COLUMN id SET DEFAULT nextval('public.core_cliente_id_seq'::regclass);


--
-- Name: core_clienteemail id; Type: DEFAULT; Schema: public; Owner: postgres
--

ALTER TABLE ONLY public.core_clienteemail ALTER COLUMN id SET DEFAULT nextval('public.core_clienteemail_id_seq'::regclass);


--
-- Name: core_clientetelefone id; Type: DEFAULT; Schema: public; Owner: postgres
--

ALTER TABLE ONLY public.core_clientetelefone ALTER COLUMN id SET DEFAULT nextval('public.core_clientetelefone_id_seq'::regclass);


--
-- Name: core_fornecedor id; Type: DEFAULT; Schema: public; Owner: postgres
--

ALTER TABLE ONLY public.core_fornecedor ALTER COLUMN id SET DEFAULT nextval('public.core_fornecedor_id_seq'::regclass);


--
-- Name: core_fornecedoremail id; Type: DEFAULT; Schema: public; Owner: postgres
--

ALTER TABLE ONLY public.core_fornecedoremail ALTER COLUMN id SET DEFAULT nextval('public.core_fornecedoremail_id_seq'::regclass);


--
-- Name: core_fornecedortelefone id; Type: DEFAULT; Schema: public; Owner: postgres
--

ALTER TABLE ONLY public.core_fornecedortelefone ALTER COLUMN id SET DEFAULT nextval('public.core_fornecedortelefone_id_seq'::regclass);


--
-- Name: core_funcao id; Type: DEFAULT; Schema: public; Owner: postgres
--

ALTER TABLE ONLY public.core_funcao ALTER COLUMN id SET DEFAULT nextval('public.core_funcao_id_seq'::regclass);


--
-- Name: core_obra id; Type: DEFAULT; Schema: public; Owner: postgres
--

ALTER TABLE ONLY public.core_obra ALTER COLUMN id SET DEFAULT nextval('public.core_obra_id_seq'::regclass);


--
-- Name: core_obrafornecedor id; Type: DEFAULT; Schema: public; Owner: postgres
--

ALTER TABLE ONLY public.core_obrafornecedor ALTER COLUMN id SET DEFAULT nextval('public.core_obrafornecedor_id_seq'::regclass);


--
-- Name: core_obramensagem id; Type: DEFAULT; Schema: public; Owner: postgres
--

ALTER TABLE ONLY public.core_obramensagem ALTER COLUMN id SET DEFAULT nextval('public.core_obramensagem_id_seq'::regclass);


--
-- Name: core_obratarefa id; Type: DEFAULT; Schema: public; Owner: postgres
--

ALTER TABLE ONLY public.core_obratarefa ALTER COLUMN id SET DEFAULT nextval('public.core_obratarefa_id_seq'::regclass);


--
-- Name: core_perfil id; Type: DEFAULT; Schema: public; Owner: postgres
--

ALTER TABLE ONLY public.core_perfil ALTER COLUMN id SET DEFAULT nextval('public.core_perfil_id_seq'::regclass);


--
-- Name: core_ramo id; Type: DEFAULT; Schema: public; Owner: postgres
--

ALTER TABLE ONLY public.core_ramo ALTER COLUMN id SET DEFAULT nextval('public.core_ramo_id_seq'::regclass);


--
-- Name: core_usuario id; Type: DEFAULT; Schema: public; Owner: postgres
--

ALTER TABLE ONLY public.core_usuario ALTER COLUMN id SET DEFAULT nextval('public.core_usuario_id_seq'::regclass);


--
-- Name: django_admin_log id; Type: DEFAULT; Schema: public; Owner: postgres
--

ALTER TABLE ONLY public.django_admin_log ALTER COLUMN id SET DEFAULT nextval('public.django_admin_log_id_seq'::regclass);


--
-- Name: django_content_type id; Type: DEFAULT; Schema: public; Owner: postgres
--

ALTER TABLE ONLY public.django_content_type ALTER COLUMN id SET DEFAULT nextval('public.django_content_type_id_seq'::regclass);


--
-- Name: django_migrations id; Type: DEFAULT; Schema: public; Owner: postgres
--

ALTER TABLE ONLY public.django_migrations ALTER COLUMN id SET DEFAULT nextval('public.django_migrations_id_seq'::regclass);


--
-- Data for Name: auth_group; Type: TABLE DATA; Schema: public; Owner: postgres
--

COPY public.auth_group (id, name) FROM stdin;
\.


--
-- Data for Name: auth_group_permissions; Type: TABLE DATA; Schema: public; Owner: postgres
--

COPY public.auth_group_permissions (id, group_id, permission_id) FROM stdin;
\.


--
-- Data for Name: auth_permission; Type: TABLE DATA; Schema: public; Owner: postgres
--

COPY public.auth_permission (id, name, content_type_id, codename) FROM stdin;
1	Can add log entry	1	add_logentry
2	Can change log entry	1	change_logentry
3	Can delete log entry	1	delete_logentry
4	Can view log entry	1	view_logentry
5	Can add permission	2	add_permission
6	Can change permission	2	change_permission
7	Can delete permission	2	delete_permission
8	Can view permission	2	view_permission
9	Can add group	3	add_group
10	Can change group	3	change_group
11	Can delete group	3	delete_group
12	Can view group	3	view_group
13	Can add user	4	add_user
14	Can change user	4	change_user
15	Can delete user	4	delete_user
16	Can view user	4	view_user
17	Can add content type	5	add_contenttype
18	Can change content type	5	change_contenttype
19	Can delete content type	5	delete_contenttype
20	Can view content type	5	view_contenttype
21	Can add session	6	add_session
22	Can change session	6	change_session
23	Can delete session	6	delete_session
24	Can view session	6	view_session
25	Can add cliente	7	add_cliente
26	Can change cliente	7	change_cliente
27	Can delete cliente	7	delete_cliente
28	Can view cliente	7	view_cliente
29	Can add cliente email	8	add_clienteemail
30	Can change cliente email	8	change_clienteemail
31	Can delete cliente email	8	delete_clienteemail
32	Can view cliente email	8	view_clienteemail
33	Can add cliente telefone	9	add_clientetelefone
34	Can change cliente telefone	9	change_clientetelefone
35	Can delete cliente telefone	9	delete_clientetelefone
36	Can view cliente telefone	9	view_clientetelefone
37	Can add fornecedor	10	add_fornecedor
38	Can change fornecedor	10	change_fornecedor
39	Can delete fornecedor	10	delete_fornecedor
40	Can view fornecedor	10	view_fornecedor
41	Can add fornecedor email	11	add_fornecedoremail
42	Can change fornecedor email	11	change_fornecedoremail
43	Can delete fornecedor email	11	delete_fornecedoremail
44	Can view fornecedor email	11	view_fornecedoremail
45	Can add fornecedor telefone	12	add_fornecedortelefone
46	Can change fornecedor telefone	12	change_fornecedortelefone
47	Can delete fornecedor telefone	12	delete_fornecedortelefone
48	Can view fornecedor telefone	12	view_fornecedortelefone
49	Can add funcao	13	add_funcao
50	Can change funcao	13	change_funcao
51	Can delete funcao	13	delete_funcao
52	Can view funcao	13	view_funcao
53	Can add obra	14	add_obra
54	Can change obra	14	change_obra
55	Can delete obra	14	delete_obra
56	Can view obra	14	view_obra
57	Can add obra fornecedor	15	add_obrafornecedor
58	Can change obra fornecedor	15	change_obrafornecedor
59	Can delete obra fornecedor	15	delete_obrafornecedor
60	Can view obra fornecedor	15	view_obrafornecedor
61	Can add obra mensagem	16	add_obramensagem
62	Can change obra mensagem	16	change_obramensagem
63	Can delete obra mensagem	16	delete_obramensagem
64	Can view obra mensagem	16	view_obramensagem
65	Can add obra tarefa	17	add_obratarefa
66	Can change obra tarefa	17	change_obratarefa
67	Can delete obra tarefa	17	delete_obratarefa
68	Can view obra tarefa	17	view_obratarefa
69	Can add perfil	18	add_perfil
70	Can change perfil	18	change_perfil
71	Can delete perfil	18	delete_perfil
72	Can view perfil	18	view_perfil
73	Can add ramo	19	add_ramo
74	Can change ramo	19	change_ramo
75	Can delete ramo	19	delete_ramo
76	Can view ramo	19	view_ramo
77	Can add usuario	20	add_usuario
78	Can change usuario	20	change_usuario
79	Can delete usuario	20	delete_usuario
80	Can view usuario	20	view_usuario
\.


--
-- Data for Name: auth_user; Type: TABLE DATA; Schema: public; Owner: postgres
--

COPY public.auth_user (id, password, last_login, is_superuser, username, first_name, last_name, email, is_staff, is_active, date_joined) FROM stdin;
1	pbkdf2_sha256$180000$3X9lFJPFhlrY$tUHmolPA/Nwi2KitJjXdyI6KDGaTm0UFb1E1k5yxNNE=	2020-06-03 08:37:20.870591-03	t	master			master@nc3e.com.br	t	t	2020-06-02 22:54:29.427772-03
2	pbkdf2_sha256$180000$5bh4eJWg0qa9$OYtNK3oVYfU4HRAQjPXJmq4ehMOrW8+kZ3+GSO8o+9Y=	2020-06-03 08:46:33.141355-03	f	adm@nc3e.com.br			adm@nc3e.com.br	f	t	2020-06-02 23:36:16.268122-03
3	pbkdf2_sha256$180000$69bhkNefl48i$ghUyKqu9BfaNcMv2oxauG/MQ/7c8l2SQsCGmpecHb5w=	2020-06-09 19:02:37.400471-03	f	suporte@nc3e.com.br			suporte@nc3e.com.br	f	t	2020-06-03 08:50:29.277096-03
\.


--
-- Data for Name: auth_user_groups; Type: TABLE DATA; Schema: public; Owner: postgres
--

COPY public.auth_user_groups (id, user_id, group_id) FROM stdin;
\.


--
-- Data for Name: auth_user_user_permissions; Type: TABLE DATA; Schema: public; Owner: postgres
--

COPY public.auth_user_user_permissions (id, user_id, permission_id) FROM stdin;
\.


--
-- Data for Name: core_cliente; Type: TABLE DATA; Schema: public; Owner: postgres
--

COPY public.core_cliente (id) FROM stdin;
\.


--
-- Data for Name: core_clienteemail; Type: TABLE DATA; Schema: public; Owner: postgres
--

COPY public.core_clienteemail (id) FROM stdin;
\.


--
-- Data for Name: core_clientetelefone; Type: TABLE DATA; Schema: public; Owner: postgres
--

COPY public.core_clientetelefone (id) FROM stdin;
\.


--
-- Data for Name: core_fornecedor; Type: TABLE DATA; Schema: public; Owner: postgres
--

COPY public.core_fornecedor (id) FROM stdin;
\.


--
-- Data for Name: core_fornecedoremail; Type: TABLE DATA; Schema: public; Owner: postgres
--

COPY public.core_fornecedoremail (id) FROM stdin;
\.


--
-- Data for Name: core_fornecedortelefone; Type: TABLE DATA; Schema: public; Owner: postgres
--

COPY public.core_fornecedortelefone (id) FROM stdin;
\.


--
-- Data for Name: core_funcao; Type: TABLE DATA; Schema: public; Owner: postgres
--

COPY public.core_funcao (id) FROM stdin;
\.


--
-- Data for Name: core_obra; Type: TABLE DATA; Schema: public; Owner: postgres
--

COPY public.core_obra (id) FROM stdin;
\.


--
-- Data for Name: core_obrafornecedor; Type: TABLE DATA; Schema: public; Owner: postgres
--

COPY public.core_obrafornecedor (id) FROM stdin;
\.


--
-- Data for Name: core_obramensagem; Type: TABLE DATA; Schema: public; Owner: postgres
--

COPY public.core_obramensagem (id) FROM stdin;
\.


--
-- Data for Name: core_obratarefa; Type: TABLE DATA; Schema: public; Owner: postgres
--

COPY public.core_obratarefa (id) FROM stdin;
\.


--
-- Data for Name: core_perfil; Type: TABLE DATA; Schema: public; Owner: postgres
--

COPY public.core_perfil (id) FROM stdin;
\.


--
-- Data for Name: core_ramo; Type: TABLE DATA; Schema: public; Owner: postgres
--

COPY public.core_ramo (id) FROM stdin;
\.


--
-- Data for Name: core_usuario; Type: TABLE DATA; Schema: public; Owner: postgres
--

COPY public.core_usuario (id, nome, email, cpf, cnpj, telefone, cep, cidade, logradouro_completo) FROM stdin;
\.


--
-- Data for Name: django_admin_log; Type: TABLE DATA; Schema: public; Owner: postgres
--

COPY public.django_admin_log (id, action_time, object_id, object_repr, action_flag, change_message, content_type_id, user_id) FROM stdin;
\.


--
-- Data for Name: django_content_type; Type: TABLE DATA; Schema: public; Owner: postgres
--

COPY public.django_content_type (id, app_label, model) FROM stdin;
1	admin	logentry
2	auth	permission
3	auth	group
4	auth	user
5	contenttypes	contenttype
6	sessions	session
7	core	cliente
8	core	clienteemail
9	core	clientetelefone
10	core	fornecedor
11	core	fornecedoremail
12	core	fornecedortelefone
13	core	funcao
14	core	obra
15	core	obrafornecedor
16	core	obramensagem
17	core	obratarefa
18	core	perfil
19	core	ramo
20	core	usuario
\.


--
-- Data for Name: django_migrations; Type: TABLE DATA; Schema: public; Owner: postgres
--

COPY public.django_migrations (id, app, name, applied) FROM stdin;
1	contenttypes	0001_initial	2020-05-20 16:32:36.688752-03
2	auth	0001_initial	2020-05-20 16:32:36.759508-03
3	admin	0001_initial	2020-05-20 16:32:36.900428-03
4	admin	0002_logentry_remove_auto_add	2020-05-20 16:32:36.9385-03
5	admin	0003_logentry_add_action_flag_choices	2020-05-20 16:32:36.947498-03
6	contenttypes	0002_remove_content_type_name	2020-05-20 16:32:36.973944-03
7	auth	0002_alter_permission_name_max_length	2020-05-20 16:32:36.979914-03
8	auth	0003_alter_user_email_max_length	2020-05-20 16:32:36.988917-03
9	auth	0004_alter_user_username_opts	2020-05-20 16:32:36.997969-03
10	auth	0005_alter_user_last_login_null	2020-05-20 16:32:37.006965-03
11	auth	0006_require_contenttypes_0002	2020-05-20 16:32:37.009965-03
12	auth	0007_alter_validators_add_error_messages	2020-05-20 16:32:37.019965-03
13	auth	0008_alter_user_username_max_length	2020-05-20 16:32:37.035966-03
14	auth	0009_alter_user_last_name_max_length	2020-05-20 16:32:37.044965-03
15	auth	0010_alter_group_name_max_length	2020-05-20 16:32:37.054993-03
16	auth	0011_update_proxy_permissions	2020-05-20 16:32:37.062992-03
17	core	0001_initial	2020-05-20 16:32:37.168965-03
18	sessions	0001_initial	2020-05-20 16:32:37.205972-03
\.


--
-- Data for Name: django_session; Type: TABLE DATA; Schema: public; Owner: postgres
--

COPY public.django_session (session_key, session_data, expire_date) FROM stdin;
0q65l9wr7q0z8saebwwhwltfutaz43s3	MTU2MGNiMmU0YzEwMzdlNjA5OGE2ZjI3MTY5MzY0MGVhMzdkNzNmZjp7Il9hdXRoX3VzZXJfaWQiOiIxIiwiX2F1dGhfdXNlcl9iYWNrZW5kIjoiZGphbmdvLmNvbnRyaWIuYXV0aC5iYWNrZW5kcy5Nb2RlbEJhY2tlbmQiLCJfYXV0aF91c2VyX2hhc2giOiIzYjlkNGU1NjdhYjUxNjg1OTJiODVhZTZkNGJmNzM3YjRjZDMzYzlhIn0=	2020-06-17 00:36:11.999735-03
1po8hmqrbte27p3x2q42y1ysdyfvheg5	YTlmMmEwMjFmM2I4MThkZjM1ZjJjMTY3MTdjYzFiZGNmYWZiMTE0Mjp7fQ==	2020-06-17 08:13:02.086677-03
xc3n55c5xdqw83eebbstxy3v8ku0rcwe	YTlmMmEwMjFmM2I4MThkZjM1ZjJjMTY3MTdjYzFiZGNmYWZiMTE0Mjp7fQ==	2020-06-17 08:16:17.398136-03
jmodz97rjz2we07ikl7vymmri9xzfu2q	YTlmMmEwMjFmM2I4MThkZjM1ZjJjMTY3MTdjYzFiZGNmYWZiMTE0Mjp7fQ==	2020-06-17 08:16:42.621096-03
\.


--
-- Name: auth_group_id_seq; Type: SEQUENCE SET; Schema: public; Owner: postgres
--

SELECT pg_catalog.setval('public.auth_group_id_seq', 1, false);


--
-- Name: auth_group_permissions_id_seq; Type: SEQUENCE SET; Schema: public; Owner: postgres
--

SELECT pg_catalog.setval('public.auth_group_permissions_id_seq', 1, false);


--
-- Name: auth_permission_id_seq; Type: SEQUENCE SET; Schema: public; Owner: postgres
--

SELECT pg_catalog.setval('public.auth_permission_id_seq', 80, true);


--
-- Name: auth_user_groups_id_seq; Type: SEQUENCE SET; Schema: public; Owner: postgres
--

SELECT pg_catalog.setval('public.auth_user_groups_id_seq', 1, false);


--
-- Name: auth_user_id_seq; Type: SEQUENCE SET; Schema: public; Owner: postgres
--

SELECT pg_catalog.setval('public.auth_user_id_seq', 3, true);


--
-- Name: auth_user_user_permissions_id_seq; Type: SEQUENCE SET; Schema: public; Owner: postgres
--

SELECT pg_catalog.setval('public.auth_user_user_permissions_id_seq', 1, false);


--
-- Name: core_cliente_id_seq; Type: SEQUENCE SET; Schema: public; Owner: postgres
--

SELECT pg_catalog.setval('public.core_cliente_id_seq', 1, false);


--
-- Name: core_clienteemail_id_seq; Type: SEQUENCE SET; Schema: public; Owner: postgres
--

SELECT pg_catalog.setval('public.core_clienteemail_id_seq', 1, false);


--
-- Name: core_clientetelefone_id_seq; Type: SEQUENCE SET; Schema: public; Owner: postgres
--

SELECT pg_catalog.setval('public.core_clientetelefone_id_seq', 1, false);


--
-- Name: core_fornecedor_id_seq; Type: SEQUENCE SET; Schema: public; Owner: postgres
--

SELECT pg_catalog.setval('public.core_fornecedor_id_seq', 1, false);


--
-- Name: core_fornecedoremail_id_seq; Type: SEQUENCE SET; Schema: public; Owner: postgres
--

SELECT pg_catalog.setval('public.core_fornecedoremail_id_seq', 1, false);


--
-- Name: core_fornecedortelefone_id_seq; Type: SEQUENCE SET; Schema: public; Owner: postgres
--

SELECT pg_catalog.setval('public.core_fornecedortelefone_id_seq', 1, false);


--
-- Name: core_funcao_id_seq; Type: SEQUENCE SET; Schema: public; Owner: postgres
--

SELECT pg_catalog.setval('public.core_funcao_id_seq', 1, false);


--
-- Name: core_obra_id_seq; Type: SEQUENCE SET; Schema: public; Owner: postgres
--

SELECT pg_catalog.setval('public.core_obra_id_seq', 1, false);


--
-- Name: core_obrafornecedor_id_seq; Type: SEQUENCE SET; Schema: public; Owner: postgres
--

SELECT pg_catalog.setval('public.core_obrafornecedor_id_seq', 1, false);


--
-- Name: core_obramensagem_id_seq; Type: SEQUENCE SET; Schema: public; Owner: postgres
--

SELECT pg_catalog.setval('public.core_obramensagem_id_seq', 1, false);


--
-- Name: core_obratarefa_id_seq; Type: SEQUENCE SET; Schema: public; Owner: postgres
--

SELECT pg_catalog.setval('public.core_obratarefa_id_seq', 1, false);


--
-- Name: core_perfil_id_seq; Type: SEQUENCE SET; Schema: public; Owner: postgres
--

SELECT pg_catalog.setval('public.core_perfil_id_seq', 1, false);


--
-- Name: core_ramo_id_seq; Type: SEQUENCE SET; Schema: public; Owner: postgres
--

SELECT pg_catalog.setval('public.core_ramo_id_seq', 1, false);


--
-- Name: core_usuario_id_seq; Type: SEQUENCE SET; Schema: public; Owner: postgres
--

SELECT pg_catalog.setval('public.core_usuario_id_seq', 1, false);


--
-- Name: django_admin_log_id_seq; Type: SEQUENCE SET; Schema: public; Owner: postgres
--

SELECT pg_catalog.setval('public.django_admin_log_id_seq', 1, false);


--
-- Name: django_content_type_id_seq; Type: SEQUENCE SET; Schema: public; Owner: postgres
--

SELECT pg_catalog.setval('public.django_content_type_id_seq', 20, true);


--
-- Name: django_migrations_id_seq; Type: SEQUENCE SET; Schema: public; Owner: postgres
--

SELECT pg_catalog.setval('public.django_migrations_id_seq', 18, true);


--
-- Name: auth_group auth_group_name_key; Type: CONSTRAINT; Schema: public; Owner: postgres
--

ALTER TABLE ONLY public.auth_group
    ADD CONSTRAINT auth_group_name_key UNIQUE (name);


--
-- Name: auth_group_permissions auth_group_permissions_group_id_permission_id_0cd325b0_uniq; Type: CONSTRAINT; Schema: public; Owner: postgres
--

ALTER TABLE ONLY public.auth_group_permissions
    ADD CONSTRAINT auth_group_permissions_group_id_permission_id_0cd325b0_uniq UNIQUE (group_id, permission_id);


--
-- Name: auth_group_permissions auth_group_permissions_pkey; Type: CONSTRAINT; Schema: public; Owner: postgres
--

ALTER TABLE ONLY public.auth_group_permissions
    ADD CONSTRAINT auth_group_permissions_pkey PRIMARY KEY (id);


--
-- Name: auth_group auth_group_pkey; Type: CONSTRAINT; Schema: public; Owner: postgres
--

ALTER TABLE ONLY public.auth_group
    ADD CONSTRAINT auth_group_pkey PRIMARY KEY (id);


--
-- Name: auth_permission auth_permission_content_type_id_codename_01ab375a_uniq; Type: CONSTRAINT; Schema: public; Owner: postgres
--

ALTER TABLE ONLY public.auth_permission
    ADD CONSTRAINT auth_permission_content_type_id_codename_01ab375a_uniq UNIQUE (content_type_id, codename);


--
-- Name: auth_permission auth_permission_pkey; Type: CONSTRAINT; Schema: public; Owner: postgres
--

ALTER TABLE ONLY public.auth_permission
    ADD CONSTRAINT auth_permission_pkey PRIMARY KEY (id);


--
-- Name: auth_user_groups auth_user_groups_pkey; Type: CONSTRAINT; Schema: public; Owner: postgres
--

ALTER TABLE ONLY public.auth_user_groups
    ADD CONSTRAINT auth_user_groups_pkey PRIMARY KEY (id);


--
-- Name: auth_user_groups auth_user_groups_user_id_group_id_94350c0c_uniq; Type: CONSTRAINT; Schema: public; Owner: postgres
--

ALTER TABLE ONLY public.auth_user_groups
    ADD CONSTRAINT auth_user_groups_user_id_group_id_94350c0c_uniq UNIQUE (user_id, group_id);


--
-- Name: auth_user auth_user_pkey; Type: CONSTRAINT; Schema: public; Owner: postgres
--

ALTER TABLE ONLY public.auth_user
    ADD CONSTRAINT auth_user_pkey PRIMARY KEY (id);


--
-- Name: auth_user_user_permissions auth_user_user_permissions_pkey; Type: CONSTRAINT; Schema: public; Owner: postgres
--

ALTER TABLE ONLY public.auth_user_user_permissions
    ADD CONSTRAINT auth_user_user_permissions_pkey PRIMARY KEY (id);


--
-- Name: auth_user_user_permissions auth_user_user_permissions_user_id_permission_id_14a6b632_uniq; Type: CONSTRAINT; Schema: public; Owner: postgres
--

ALTER TABLE ONLY public.auth_user_user_permissions
    ADD CONSTRAINT auth_user_user_permissions_user_id_permission_id_14a6b632_uniq UNIQUE (user_id, permission_id);


--
-- Name: auth_user auth_user_username_key; Type: CONSTRAINT; Schema: public; Owner: postgres
--

ALTER TABLE ONLY public.auth_user
    ADD CONSTRAINT auth_user_username_key UNIQUE (username);


--
-- Name: core_cliente core_cliente_pkey; Type: CONSTRAINT; Schema: public; Owner: postgres
--

ALTER TABLE ONLY public.core_cliente
    ADD CONSTRAINT core_cliente_pkey PRIMARY KEY (id);


--
-- Name: core_clienteemail core_clienteemail_pkey; Type: CONSTRAINT; Schema: public; Owner: postgres
--

ALTER TABLE ONLY public.core_clienteemail
    ADD CONSTRAINT core_clienteemail_pkey PRIMARY KEY (id);


--
-- Name: core_clientetelefone core_clientetelefone_pkey; Type: CONSTRAINT; Schema: public; Owner: postgres
--

ALTER TABLE ONLY public.core_clientetelefone
    ADD CONSTRAINT core_clientetelefone_pkey PRIMARY KEY (id);


--
-- Name: core_fornecedor core_fornecedor_pkey; Type: CONSTRAINT; Schema: public; Owner: postgres
--

ALTER TABLE ONLY public.core_fornecedor
    ADD CONSTRAINT core_fornecedor_pkey PRIMARY KEY (id);


--
-- Name: core_fornecedoremail core_fornecedoremail_pkey; Type: CONSTRAINT; Schema: public; Owner: postgres
--

ALTER TABLE ONLY public.core_fornecedoremail
    ADD CONSTRAINT core_fornecedoremail_pkey PRIMARY KEY (id);


--
-- Name: core_fornecedortelefone core_fornecedortelefone_pkey; Type: CONSTRAINT; Schema: public; Owner: postgres
--

ALTER TABLE ONLY public.core_fornecedortelefone
    ADD CONSTRAINT core_fornecedortelefone_pkey PRIMARY KEY (id);


--
-- Name: core_funcao core_funcao_pkey; Type: CONSTRAINT; Schema: public; Owner: postgres
--

ALTER TABLE ONLY public.core_funcao
    ADD CONSTRAINT core_funcao_pkey PRIMARY KEY (id);


--
-- Name: core_obra core_obra_pkey; Type: CONSTRAINT; Schema: public; Owner: postgres
--

ALTER TABLE ONLY public.core_obra
    ADD CONSTRAINT core_obra_pkey PRIMARY KEY (id);


--
-- Name: core_obrafornecedor core_obrafornecedor_pkey; Type: CONSTRAINT; Schema: public; Owner: postgres
--

ALTER TABLE ONLY public.core_obrafornecedor
    ADD CONSTRAINT core_obrafornecedor_pkey PRIMARY KEY (id);


--
-- Name: core_obramensagem core_obramensagem_pkey; Type: CONSTRAINT; Schema: public; Owner: postgres
--

ALTER TABLE ONLY public.core_obramensagem
    ADD CONSTRAINT core_obramensagem_pkey PRIMARY KEY (id);


--
-- Name: core_obratarefa core_obratarefa_pkey; Type: CONSTRAINT; Schema: public; Owner: postgres
--

ALTER TABLE ONLY public.core_obratarefa
    ADD CONSTRAINT core_obratarefa_pkey PRIMARY KEY (id);


--
-- Name: core_perfil core_perfil_pkey; Type: CONSTRAINT; Schema: public; Owner: postgres
--

ALTER TABLE ONLY public.core_perfil
    ADD CONSTRAINT core_perfil_pkey PRIMARY KEY (id);


--
-- Name: core_ramo core_ramo_pkey; Type: CONSTRAINT; Schema: public; Owner: postgres
--

ALTER TABLE ONLY public.core_ramo
    ADD CONSTRAINT core_ramo_pkey PRIMARY KEY (id);


--
-- Name: core_usuario core_usuario_pkey; Type: CONSTRAINT; Schema: public; Owner: postgres
--

ALTER TABLE ONLY public.core_usuario
    ADD CONSTRAINT core_usuario_pkey PRIMARY KEY (id);


--
-- Name: django_admin_log django_admin_log_pkey; Type: CONSTRAINT; Schema: public; Owner: postgres
--

ALTER TABLE ONLY public.django_admin_log
    ADD CONSTRAINT django_admin_log_pkey PRIMARY KEY (id);


--
-- Name: django_content_type django_content_type_app_label_model_76bd3d3b_uniq; Type: CONSTRAINT; Schema: public; Owner: postgres
--

ALTER TABLE ONLY public.django_content_type
    ADD CONSTRAINT django_content_type_app_label_model_76bd3d3b_uniq UNIQUE (app_label, model);


--
-- Name: django_content_type django_content_type_pkey; Type: CONSTRAINT; Schema: public; Owner: postgres
--

ALTER TABLE ONLY public.django_content_type
    ADD CONSTRAINT django_content_type_pkey PRIMARY KEY (id);


--
-- Name: django_migrations django_migrations_pkey; Type: CONSTRAINT; Schema: public; Owner: postgres
--

ALTER TABLE ONLY public.django_migrations
    ADD CONSTRAINT django_migrations_pkey PRIMARY KEY (id);


--
-- Name: django_session django_session_pkey; Type: CONSTRAINT; Schema: public; Owner: postgres
--

ALTER TABLE ONLY public.django_session
    ADD CONSTRAINT django_session_pkey PRIMARY KEY (session_key);


--
-- Name: auth_group_name_a6ea08ec_like; Type: INDEX; Schema: public; Owner: postgres
--

CREATE INDEX auth_group_name_a6ea08ec_like ON public.auth_group USING btree (name varchar_pattern_ops);


--
-- Name: auth_group_permissions_group_id_b120cbf9; Type: INDEX; Schema: public; Owner: postgres
--

CREATE INDEX auth_group_permissions_group_id_b120cbf9 ON public.auth_group_permissions USING btree (group_id);


--
-- Name: auth_group_permissions_permission_id_84c5c92e; Type: INDEX; Schema: public; Owner: postgres
--

CREATE INDEX auth_group_permissions_permission_id_84c5c92e ON public.auth_group_permissions USING btree (permission_id);


--
-- Name: auth_permission_content_type_id_2f476e4b; Type: INDEX; Schema: public; Owner: postgres
--

CREATE INDEX auth_permission_content_type_id_2f476e4b ON public.auth_permission USING btree (content_type_id);


--
-- Name: auth_user_groups_group_id_97559544; Type: INDEX; Schema: public; Owner: postgres
--

CREATE INDEX auth_user_groups_group_id_97559544 ON public.auth_user_groups USING btree (group_id);


--
-- Name: auth_user_groups_user_id_6a12ed8b; Type: INDEX; Schema: public; Owner: postgres
--

CREATE INDEX auth_user_groups_user_id_6a12ed8b ON public.auth_user_groups USING btree (user_id);


--
-- Name: auth_user_user_permissions_permission_id_1fbb5f2c; Type: INDEX; Schema: public; Owner: postgres
--

CREATE INDEX auth_user_user_permissions_permission_id_1fbb5f2c ON public.auth_user_user_permissions USING btree (permission_id);


--
-- Name: auth_user_user_permissions_user_id_a95ead1b; Type: INDEX; Schema: public; Owner: postgres
--

CREATE INDEX auth_user_user_permissions_user_id_a95ead1b ON public.auth_user_user_permissions USING btree (user_id);


--
-- Name: auth_user_username_6821ab7c_like; Type: INDEX; Schema: public; Owner: postgres
--

CREATE INDEX auth_user_username_6821ab7c_like ON public.auth_user USING btree (username varchar_pattern_ops);


--
-- Name: django_admin_log_content_type_id_c4bce8eb; Type: INDEX; Schema: public; Owner: postgres
--

CREATE INDEX django_admin_log_content_type_id_c4bce8eb ON public.django_admin_log USING btree (content_type_id);


--
-- Name: django_admin_log_user_id_c564eba6; Type: INDEX; Schema: public; Owner: postgres
--

CREATE INDEX django_admin_log_user_id_c564eba6 ON public.django_admin_log USING btree (user_id);


--
-- Name: django_session_expire_date_a5c62663; Type: INDEX; Schema: public; Owner: postgres
--

CREATE INDEX django_session_expire_date_a5c62663 ON public.django_session USING btree (expire_date);


--
-- Name: django_session_session_key_c0390e0f_like; Type: INDEX; Schema: public; Owner: postgres
--

CREATE INDEX django_session_session_key_c0390e0f_like ON public.django_session USING btree (session_key varchar_pattern_ops);


--
-- Name: auth_group_permissions auth_group_permissio_permission_id_84c5c92e_fk_auth_perm; Type: FK CONSTRAINT; Schema: public; Owner: postgres
--

ALTER TABLE ONLY public.auth_group_permissions
    ADD CONSTRAINT auth_group_permissio_permission_id_84c5c92e_fk_auth_perm FOREIGN KEY (permission_id) REFERENCES public.auth_permission(id) DEFERRABLE INITIALLY DEFERRED;


--
-- Name: auth_group_permissions auth_group_permissions_group_id_b120cbf9_fk_auth_group_id; Type: FK CONSTRAINT; Schema: public; Owner: postgres
--

ALTER TABLE ONLY public.auth_group_permissions
    ADD CONSTRAINT auth_group_permissions_group_id_b120cbf9_fk_auth_group_id FOREIGN KEY (group_id) REFERENCES public.auth_group(id) DEFERRABLE INITIALLY DEFERRED;


--
-- Name: auth_permission auth_permission_content_type_id_2f476e4b_fk_django_co; Type: FK CONSTRAINT; Schema: public; Owner: postgres
--

ALTER TABLE ONLY public.auth_permission
    ADD CONSTRAINT auth_permission_content_type_id_2f476e4b_fk_django_co FOREIGN KEY (content_type_id) REFERENCES public.django_content_type(id) DEFERRABLE INITIALLY DEFERRED;


--
-- Name: auth_user_groups auth_user_groups_group_id_97559544_fk_auth_group_id; Type: FK CONSTRAINT; Schema: public; Owner: postgres
--

ALTER TABLE ONLY public.auth_user_groups
    ADD CONSTRAINT auth_user_groups_group_id_97559544_fk_auth_group_id FOREIGN KEY (group_id) REFERENCES public.auth_group(id) DEFERRABLE INITIALLY DEFERRED;


--
-- Name: auth_user_groups auth_user_groups_user_id_6a12ed8b_fk_auth_user_id; Type: FK CONSTRAINT; Schema: public; Owner: postgres
--

ALTER TABLE ONLY public.auth_user_groups
    ADD CONSTRAINT auth_user_groups_user_id_6a12ed8b_fk_auth_user_id FOREIGN KEY (user_id) REFERENCES public.auth_user(id) DEFERRABLE INITIALLY DEFERRED;


--
-- Name: auth_user_user_permissions auth_user_user_permi_permission_id_1fbb5f2c_fk_auth_perm; Type: FK CONSTRAINT; Schema: public; Owner: postgres
--

ALTER TABLE ONLY public.auth_user_user_permissions
    ADD CONSTRAINT auth_user_user_permi_permission_id_1fbb5f2c_fk_auth_perm FOREIGN KEY (permission_id) REFERENCES public.auth_permission(id) DEFERRABLE INITIALLY DEFERRED;


--
-- Name: auth_user_user_permissions auth_user_user_permissions_user_id_a95ead1b_fk_auth_user_id; Type: FK CONSTRAINT; Schema: public; Owner: postgres
--

ALTER TABLE ONLY public.auth_user_user_permissions
    ADD CONSTRAINT auth_user_user_permissions_user_id_a95ead1b_fk_auth_user_id FOREIGN KEY (user_id) REFERENCES public.auth_user(id) DEFERRABLE INITIALLY DEFERRED;


--
-- Name: django_admin_log django_admin_log_content_type_id_c4bce8eb_fk_django_co; Type: FK CONSTRAINT; Schema: public; Owner: postgres
--

ALTER TABLE ONLY public.django_admin_log
    ADD CONSTRAINT django_admin_log_content_type_id_c4bce8eb_fk_django_co FOREIGN KEY (content_type_id) REFERENCES public.django_content_type(id) DEFERRABLE INITIALLY DEFERRED;


--
-- Name: django_admin_log django_admin_log_user_id_c564eba6_fk_auth_user_id; Type: FK CONSTRAINT; Schema: public; Owner: postgres
--

ALTER TABLE ONLY public.django_admin_log
    ADD CONSTRAINT django_admin_log_user_id_c564eba6_fk_auth_user_id FOREIGN KEY (user_id) REFERENCES public.auth_user(id) DEFERRABLE INITIALLY DEFERRED;


--
-- PostgreSQL database dump complete
--

